model,scenario,skill,brier,prev,auc,citl,slope,oe,ici,logloss,nb_0.01,nb_0.02,nb_0.05,nb_0.1,sens,spec,ppv,npv,referral,skill_lo,brier_lo,prev_lo,auc_lo,citl_lo,slope_lo,oe_lo,ici_lo,logloss_lo,nb_0.01_lo,nb_0.02_lo,nb_0.05_lo,nb_0.1_lo,sens_lo,spec_lo,ppv_lo,npv_lo,referral_lo,skill_hi,brier_hi,prev_hi,auc_hi,citl_hi,slope_hi,oe_hi,ici_hi,logloss_hi,nb_0.01_hi,nb_0.02_hi,nb_0.05_hi,nb_0.1_hi,sens_hi,spec_hi,ppv_hi,npv_hi,referral_hi
LR-AUG,S0,0.035489154388927635,0.021541878059955423,0.022856951185387477,0.8155885361619593,-0.10383576744051909,1.132930569357253,0.9068476776537395,0.005248873169672995,0.09407768995863494,0.016295379371628477,0.011443388046719509,0.004009877623978677,0.0005975684395184261,0.8131862934059213,0.6925978022046968,0.058273111286721635,0.9937301629410383,0.31896288017902047,0.013808863668742243,0.017367735430058817,0.018034748762094217,0.7692853668323952,-0.2916024345539419,0.9206984390376637,0.7464285346786466,-0.0037911324818287627,0.07903140709050917,0.011428332869516146,0.006927260117137819,0.0005128007229981946,-0.0012848534502680512,0.7395815485482291,0.6614870750776285,0.04547985892665958,0.9908099183961749,0.2880510125838048,0.05716944510911302,0.02571602068985203,0.027679153608680736,0.8618917054915233,0.08393089967290374,1.345162699676842,1.0672668206288325,0.014288878821174751,0.10912397282676072,0.021162425873740807,0.0159595159763012,0.007506954524959159,0.0024799903293049033,0.8867910382636135,0.7237085293317651,0.07106636364678369,0.9966504074859017,0.34987474777423616
LR-AUG,S1,0.011320120162613967,0.022081681619966487,0.022856951185387477,0.7231785320334676,-0.06370985974850957,0.9524308246276944,0.9408109444956403,0.004013938749665739,0.10225935636130266,0.014315481492713507,0.00897423486640092,0.0004640830681934098,-0.0005677180181448908,0.6135357165763946,0.6922600505811919,0.04455748683426672,0.9871096225962838,0.3147295083414271,0.0021664897740927593,0.017594547763080014,0.018034748762094217,0.6746602880198598,-0.26604830184829764,0.7416828030563849,0.7572940432428755,0.001460774128947128,0.0842299004693367,0.010109605057343091,0.005780891487323942,-0.0018574009121132967,-0.0016649978243520192,0.4640271795013,0.6688786008950616,0.035442793159895514,0.980396078879443,0.29098416852915693,0.020473750551135175,0.02656881547685296,0.027679153608680736,0.7716967760470754,0.13862858235127848,1.1631788461990038,1.124327845748405,0.00656710337038435,0.12028881225326862,0.018521357928083924,0.0121675782454779,0.0027855670485001163,0.0005295617880622377,0.7630442536514892,0.7156415002673222,0.05367218050863792,0.9938231663131245,0.33847484815369727
LR-AUG,S2,0.03455645145883124,0.02156270952377745,0.022856951185387477,0.815064526326736,-0.13724768701824236,1.1845961077514202,0.8784337686870084,0.005915610885287683,0.09449749166572229,0.01636756901514854,0.011804902147502412,0.0031638820363954065,0.000469171386102018,0.7967086144745089,0.6769649965717823,0.05454452497992717,0.9930245392876096,0.33386173803370894,0.013962397281499176,0.017367909517652304,0.018034748762094217,0.7709748038937037,-0.33186462429555896,0.9779443094093395,0.7168051051346978,0.0029779064363650927,0.0797749792014387,0.011584151955043316,0.007206113267261478,-0.0001863400317886608,-0.0014156677135730479,0.7029124328255891,0.6466377810023138,0.04069999458962041,0.9897483444508227,0.30365818983731,0.055150505636163305,0.0257575095299026,0.027679153608680736,0.8591542487597683,0.05736925025907427,1.391247906093501,1.040062432239319,0.008853315334210275,0.10922000413000588,0.021150986075253765,0.016403691027743347,0.006514104104579473,0.0023540104857770836,0.8905047961234287,0.7072922121412508,0.06838905537023393,0.9963007341243965,0.36406528623010787
LR-AUG,S3,0.03815377430681255,0.02148236507717415,0.022856951185387477,0.8214913912436792,-0.1415810550371957,1.2965106239110171,0.8744191808127323,0.006148303122909679,0.09397517793541746,0.015824562622113215,0.012193716335911278,0.0038491526299549187,0.001305788882023426,0.8292507847513803,0.6661060902065148,0.05490513347657148,0.9940395488987033,0.34521625770374387,0.01742697907839042,0.017303543990059508,0.018034748762094217,0.7737248216793278,-0.3332199184832289,1.0412627730976283,0.7153127228393139,0.002470982528397811,0.07923062783062114,0.011002683113393447,0.007498636863663051,0.00024289559392247405,-0.0005874918300750494,0.7489719772409754,0.636813388958707,0.04234571104345594,0.9910203107561032,0.316023790581622,0.05888056953523468,0.02566118616428879,0.027679153608680736,0.8692579608080306,0.0500578084088375,1.551758474724406,1.0335256387861507,0.009825623717421548,0.10871972804021378,0.020646442130832984,0.016888795808159506,0.007455409665987364,0.0031990695941219015,0.9095295922617851,0.6953987914543226,0.06746455590968702,0.9970587870413034,0.37440872482586574
LR-AUG,S4,0.03415931410299844,0.02157157939240706,0.022856951185387477,0.8192194157978843,-0.14154554588490004,1.1982803163113518,0.8748619222266149,0.005711265678763267,0.09406253406947904,0.016264997482263486,0.01277237336799424,0.0046393546098447026,0.0013243859731757331,0.7914811182081741,0.6746990783894554,0.053848792227613566,0.9928226011725975,0.33595637960777097,0.010938601932028821,0.017363213190611522,0.018034748762094217,0.7727184494899384,-0.32803510608931313,0.9569786607862292,0.7203867424927842,0.0025167032993808434,0.0790308596351405,0.01150975924716481,0.007983493505394849,0.001054208364584525,-0.0009221952204017574,0.688623531501954,0.6457578184992872,0.04088511297332479,0.9888462008019319,0.3074671455889964,0.05738002627396806,0.025779945594202595,0.027679153608680736,0.8657203821058301,0.04494401431951306,1.4395819718364744,1.0293371019604456,0.00890582805814569,0.10909420850381757,0.02102023571736216,0.01756125323059363,0.00822450085510488,0.0035709671667532236,0.8943387049143943,0.7036403382796237,0.06681247148190234,0.9967990015432631,0.36444561362654554
LR-AUG,S5,0.009539752117623701,0.022121445269594215,0.022856951185387477,0.7033994447767213,-0.11650539711288109,0.9483105064129034,0.8942689368427935,0.005543994835799491,0.10321921079031465,0.01490173160338949,0.0075832981271755865,0.000885451747490172,-0.0006826149663744387,0.6136070340583081,0.6742805857966963,0.04220644268195664,0.9867728613178997,0.33229964747720697,0.0014266122478068435,0.017618982701602143,0.018034748762094217,0.6537172035529497,-0.32389879108271036,0.7392574148367552,0.7149210439776215,-0.0002611980768313666,0.08539885406033838,0.010114874802040104,0.00459029221107237,-0.0014670256672129956,-0.0012227929742545062,0.5157147967067074,0.6528690685288465,0.035226374489694984,0.9815473472110561,0.31034102324684376,0.017652891987440557,0.026623907837586287,0.027679153608680736,0.753081686000493,0.09088799685694819,1.1573635979890515,1.0736168297079656,0.011349187748430349,0.12103956752029092,0.019688588404738878,0.010576304043278802,0.0032379291621933396,-0.00014243695849437124,0.7114992714099088,0.695692103064546,0.0491865108742183,0.9919983754247432,0.3542582717075702
LR-AUG,S6,0.037244518887432965,0.0215026728523109,0.022856951185387477,0.8283266090966236,-0.18436310687379387,1.4250510468776454,0.8392434234058833,0.006996888947711532,0.0939349140839983,0.01615631118220099,0.012182023912267019,0.004502927925527126,0.0007947222144070549,0.9046226732477586,0.6329226465074788,0.0545041602510878,0.996487417900399,0.37936400062610026,0.01581442924809809,0.017291713592019663,0.018034748762094217,0.7810706295206902,-0.37447659505998104,1.1272288195776414,0.6870375818670998,0.0034910375945129105,0.07928043669676996,0.011436950959772362,0.007483310285510698,0.0006987484312931651,-0.0018702666307024575,0.8331515999343195,0.6001905621793737,0.04250026271423798,0.9938996986520813,0.3464114899964783,0.05867460852676784,0.025713632112602136,0.027679153608680736,0.875582588672557,0.0057503813123933045,1.7228732741776493,0.9914492649446668,0.010502740300910154,0.10858939147122665,0.02087567140462962,0.01688073753902334,0.008307107419761086,0.0034597110595165673,0.9760937465611976,0.6656547308355838,0.06650805778793761,0.9990751371487167,0.4123165112557222
LR-AUG,S7,0.033539681568801716,0.021585418582038142,0.022856951185387477,0.8158121782475836,-0.09528132035159664,1.1503090659243045,0.9140021736193615,0.005403105082590938,0.09419104035120368,0.01631875572653742,0.011276844281582644,0.00496779046019526,0.0005661180153985475,0.8050412047820401,0.6896973451995059,0.057214445325929106,0.9934312572735319,0.3216108696869517,0.013545783580290967,0.01735667397260769,0.018034748762094217,0.7716178975516955,-0.28111312236622893,0.9388149112053634,0.7534620981794401,-0.00643318376243018,0.07918205430039331,0.011460792505768508,0.006685558775904169,0.0010918361010088273,-0.0015657539767722746,0.7303157029293539,0.6612228467872109,0.0446726963144146,0.9905255767085516,0.2930973362874388,0.053533579557312465,0.025814163191468596,0.027679153608680736,0.8600064589434716,0.09055048166303564,1.3618032206432455,1.074542249059283,0.017239393927612055,0.10920002640201405,0.021176718947306335,0.01586812978726112,0.008843744819381693,0.0026979900075693695,0.8797667066347263,0.7181718436118009,0.06975619433744361,0.9963369378385122,0.3501244030864646
LR-PS,S0,0.0351258475254288,0.02154999234108295,0.022856951185387477,0.8112755659691839,-0.1255441340205943,1.1980441978760392,0.8880270633270074,0.003110719266466296,0.09471952527170689,0.015922247251099673,0.011887342275415772,0.004245494541351774,0.0010249191692726237,0.8015782294433212,0.6857443895470989,0.056305944353274136,0.9932770848858496,0.3253943197667002,0.014367377056668847,0.01736329373712765,0.018034748762094217,0.7638342317548443,-0.31725406992457406,0.9696469526025032,0.7267398225582054,-0.0020113377329361204,0.07984214537255313,0.011065039430547844,0.007269212722063261,0.0006667576726471416,-0.000987816380707495,0.7238780376476908,0.6533256637149532,0.04385034447665931,0.9901651450680837,0.2931937808811701,0.05588431799418875,0.025736690945038252,0.027679153608680736,0.8587169001835235,0.06616580188338542,1.4264414431495753,1.0493143040958095,0.008232776265868713,0.10959690517086065,0.0207794550716515,0.016505471828768284,0.007824231410056406,0.0030376547192527423,0.8792784212389517,0.7181631153792447,0.06876154422988896,0.9963890247036156,0.3575948586522303
LR-PS,S1,0.010993011896004101,0.022088987423134775,0.022856951185387477,0.7292635294932053,-0.14405441935485463,0.9279594512006234,0.8716387427241816,0.004558034156604418,0.10197761969075382,0.014203776595389865,0.009983043397011265,0.0001608933642145479,-0.0012443209298945261,0.6467553929422037,0.6614550516239726,0.04277574380360997,0.9876620298711875,0.34558969946230306,0.0002673740655477104,0.01762908436707237,0.018034748762094217,0.6775906784522899,-0.3399170863164902,0.711447522228622,0.7079679529686606,-0.0009718606032466919,0.08394348360586297,0.010185599459582802,0.0066510159573877296,-0.0025276115498225854,-0.00226987187421554,0.5242259693555327,0.6372161318901017,0.03618551062293782,0.981586634618041,0.32062492941368764,0.021718649726460492,0.02654889047919718,0.027679153608680736,0.7809363805341206,0.05180824760678096,1.1444713801726247,1.0353095324797028,0.010087928916455527,0.12001175577564467,0.01822195373119693,0.0133150708366348,0.002849398278251681,-0.0002187699855735123,0.7692848165288748,0.6856939713578434,0.04936597698428211,0.9937374251243339,0.37055446951091847
LR-PS,S2,0.0333418521367036,0.02158983700565911,0.022856951185387477,0.8150560304413881,-0.10594733935468753,1.1123252042068805,0.9051175067612562,0.0053832908058189235,0.09420136568839604,0.016700380665765978,0.01170345538412123,0.003988692408444793,0.0005219026573307639,0.7905599692236617,0.6996694281070672,0.05800230724880151,0.9930466101033711,0.3115357212973632,0.010648509671862528,0.01740315850785537,0.018034748762094217,0.7704489046705949,-0.301812440678211,0.9066845338806265,0.7382793853926235,0.002318001907764326,0.07949379363986324,0.011929925100427605,0.006771311666977279,0.0005020418539612771,-0.0014602684407125006,0.695944125978283,0.6700154472783417,0.04281471141046157,0.9899170598898832,0.28204791404281204,0.05603519460154467,0.025776515503462848,0.027679153608680736,0.8596631562121813,0.08991776196883591,1.3179658745331344,1.071955628129889,0.008448579703873521,0.10890893773692885,0.02147083623110435,0.016635599101265178,0.007475342962928309,0.0025040737553740284,0.8851758124690403,0.7293234089357927,0.07318990308714145,0.9961761603168591,0.3410235285519143
LR-PS,S3,0.03844531945607632,0.02147585355884028,0.022856951185387477,0.8255062802202247,-0.11113093136470795,1.1904415203586685,0.9005885019503633,0.005153748274261978,0.0931068347777801,0.016337125113202115,0.01251680319721091,0.004715769310079499,0.0012485017584433818,0.8230940437005206,0.6926746104742438,0.05895511751486878,0.9940613663363591,0.3191142884771817,0.01633412605424728,0.017316037353354574,0.018034748762094217,0.780258046193619,-0.30546256420617435,0.9652618355027599,0.7354693666890025,0.0015871802958958613,0.07844796223309919,0.011484612392780928,0.007813305312142409,0.0013914336800593943,-0.0010921047660492522,0.7402796711740179,0.6662064173040634,0.04458109557955574,0.9911761024043644,0.2929242241823551,0.060556512857905365,0.025635669764325984,0.027679153608680736,0.8707545142468303,0.08320070147675843,1.4156212052145771,1.065707637211724,0.008720316252628094,0.10776570732246102,0.021189637833623303,0.017220301082279413,0.008040104940099605,0.003589108282936016,0.9059084162270233,0.7191428036444243,0.07332913945018182,0.9969466302683538,0.3453043527720083
LR-PS,S4,0.037027362361373606,0.021507522937123925,0.022856951185387477,0.8218905503537881,-0.10362599312892815,1.1736054945114611,0.906924785894315,0.00497399473311062,0.09339097538059447,0.016167943144243305,0.012558305273246863,0.004110390485074474,0.0011513495494590493,0.7958891808582012,0.6895907373719763,0.05658248508483972,0.9931239627444791,0.32150585342049676,0.016773320196913955,0.017288627545542737,0.018034748762094217,0.7780048056176215,-0.2977999400113901,0.9556407514562864,0.7409724629059982,0.0017118989239400069,0.07819489492335441,0.011226524472668623,0.008229609253407105,0.0009132617323459429,-0.0007526294626861406,0.7020821280250219,0.659701694560572,0.04442638851044809,0.9893110628188196,0.2918556605310815,0.05728140452583326,0.025726418328705113,0.027679153608680736,0.8657762950899547,0.0905479537535338,1.391570237566636,1.0728771088826319,0.008236090542281232,0.10858705583783454,0.02110936181581799,0.016887001293086623,0.007307519237803005,0.003055328561604239,0.8896962336913804,0.7194797801833805,0.06873858165923136,0.9969368626701386,0.35115604630991204
LR-PS,S5,0.010756330212327692,0.022094273592794745,0.022856951185387477,0.7127918722508148,-0.12522759633240785,0.9267215630611608,0.8871037475330796,0.0054639993234644095,0.10260886406639358,0.014925227821650126,0.00858835298930824,0.0012467331176817366,-0.0005175582458574603,0.615010143714947,0.6634231964188699,0.04099031395544604,0.9866074529688504,0.3429409408449532,0.002323760217187505,0.017620868558706666,0.018034748762094217,0.66595854726905,-0.32431585641935945,0.7406250516676207,0.7172831107855475,0.0022074203909103786,0.0848247565798068,0.010628899356498005,0.0054328063662955435,-0.0005080962143682274,-0.0016209978785802688,0.49493489235898747,0.6360989844728004,0.03380654683202731,0.9807988978817627,0.31471885961366236,0.019188900207467878,0.026567678626882824,0.027679153608680736,0.7596251972325795,0.07386066375454375,1.112818074454701,1.0569243842806118,0.00872057825601844,0.12039297155298036,0.019221556286802246,0.011743899612320936,0.003001562449731701,0.0005858813868653483,0.7350853950709065,0.6907474083649394,0.048174081078864776,0.9924160080559382,0.371163022076244
LR-PS,S6,0.03853086681030371,0.021473942900519013,0.022856951185387477,0.8285834595297579,-0.10269964394716637,1.255104718957702,0.9074848540361938,0.005451341692680151,0.092900828717506,0.016410040090459706,0.012685045842648823,0.004149054193613445,0.0011503933286702889,0.8521626880326653,0.6942655806848601,0.061207937246976034,0.9950436642879903,0.3182241035795321,0.019700968935188683,0.017242794549677795,0.018034748762094217,0.7852632064985968,-0.2975408418238524,1.0227059213085266,0.7403282146303135,0.001925308818954057,0.07787457540731779,0.011642121719008115,0.00772585035099713,0.0011991889666157045,-0.0008945532274533081,0.7658811807854252,0.662623258478866,0.04662809358921866,0.9919727640503072,0.287036090167172,0.05736076468541874,0.02570509125136023,0.027679153608680736,0.8719037125609189,0.09214155392951966,1.4875035166068775,1.074641493442074,0.008977374566406245,0.10792708202769422,0.021177958461911298,0.017644241334300516,0.007098919420611185,0.003195339884793886,0.9384441952799053,0.7259079028908542,0.0757877809047334,0.9981145645256734,0.34941211699189223
LR-PS,S7,0.034294889437955,0.021568551383601496,0.022856951185387477,0.8138237001275312,-0.10324358002187596,1.191422191560207,0.9069523752269033,0.005149437344830551,0.09449748144317222,0.01605610537218302,0.011928177585419253,0.004097492279888508,0.0008529554899700995,0.7976529230073268,0.690343474869733,0.05683076536870479,0.9931903567701499,0.32081063497518786,0.01412720694351495,0.01736292078178336,0.018034748762094217,0.7682701384006341,-0.2954027121397472,0.9697598716132146,0.7417683326106588,0.0018828028195053787,0.07967068933560793,0.011197301031011265,0.007216952332635588,0.0006190150084516275,-0.0014198430785497766,0.7208257075272324,0.6605384640094998,0.04465663960647087,0.990049481374254,0.29112937928167015,0.05446257193239505,0.02577418198541963,0.027679153608680736,0.8593772618544284,0.08891555209599529,1.4130845115071993,1.0721364178431478,0.008416071870155722,0.1093242735507365,0.02091490971335478,0.016639402838202918,0.007575969551325388,0.0031257540584899756,0.8744801384874212,0.7201484857299663,0.0690048911309387,0.9963312321660458,0.35049189066870556
LR-BASE,S0,0.035125847525365295,0.02154999234108437,0.022856951185387477,0.8112755659691839,-0.1255441340198485,1.198044197875911,0.8880270633276284,0.003110719266460398,0.09471952527172084,0.015922247251099673,0.011887342275415772,0.004245494541351774,0.0010249191692726237,0.8015782294433212,0.6857443895470989,0.056305944353274136,0.9932770848858496,0.3253943197667002,0.014367377056648603,0.017363293737128048,0.018034748762094217,0.7638342317548443,-0.31725406992383254,0.969646952602278,0.7267398225587038,-0.00201133773288318,0.07984214537256014,0.011065039430547844,0.007269212722063261,0.0006667576726471416,-0.000987816380707495,0.7238780376476908,0.6533256637149532,0.04385034447665931,0.9901651450680837,0.2931937808811701,0.055884317994081986,0.02573669094504069,0.027679153608680736,0.8587169001835235,0.06616580188413551,1.4264414431495442,1.049314304096553,0.008232776265803977,0.10959690517088154,0.0207794550716515,0.016505471828768284,0.007824231410056406,0.0030376547192527423,0.8792784212389517,0.7181631153792447,0.06876154422988896,0.9963890247036156,0.3575948586522303
LR-BASE,S1,-0.00812272833544303,0.022515928132993485,0.022856951185387477,0.7125508389839139,-0.5324056568382797,0.9695437441585963,0.6029323416447843,0.014987656752759862,0.10662209725920453,0.013839594766620479,0.0074690901068293954,-0.0006900567061891051,-0.0018091333464477968,0.8990699724702262,0.45818789775198104,0.03736513308754459,0.9948736898573216,0.5499779279482834,-0.027172982581591808,0.018162786028797076,0.018034748762094217,0.6620017188505442,-0.7387878020974907,0.7460025904795659,0.48267516759000545,0.0105771634839712,0.09054670757528777,0.009070398835652797,0.0034557198286649894,-0.003514733204159116,-0.0035923915488718567,0.8456801057033718,0.4365621325381147,0.030818650818889976,0.991390218048322,0.5284469436887111,0.010927525910705747,0.026869070237189895,0.027679153608680736,0.7630999591172837,-0.32602351157906867,1.1930848978376267,0.7231895156995631,0.019398150021548523,0.1226974869431213,0.01860879069758816,0.0114824603849938,0.002134619791780906,-2.5875144023736803e-05,0.9524598392370807,0.4798136629658474,0.04391161535619921,0.9983571616663213,0.5715089122078556
LR-BASE,S2,0.03386046152051547,0.02157825411868831,0.022856951185387477,0.809697350557639,-0.12529644312254337,1.2447321754693201,0.8878956661710081,0.0034017284629013263,0.09517046302575716,0.01602723489348401,0.011609993119912617,0.0035695206822141962,0.000910445194424262,0.787563411375719,0.6812665783137649,0.05464054857160789,0.9927587074437509,0.32944944587481334,0.01477657286189734,0.0173580267895094,0.018034748762094217,0.7634323840551412,-0.3231847069995827,1.014296374921463,0.7209688608411902,-0.012399853148682813,0.08042609904955864,0.011264561895050791,0.007057089671471677,-0.00016003436814282295,-0.000965374111159439,0.685010366498345,0.6489632870255185,0.04047830086399595,0.9892220739952547,0.2972109284381653,0.052944350179133605,0.02579848144786722,0.027679153608680736,0.8559623170601368,0.07259182075449591,1.4751679760171772,1.054822471500826,0.019203310074485468,0.10991482700195568,0.02078990789191723,0.016162896568353558,0.007299075732571216,0.002786264500007963,0.8901164562530929,0.7135698696020113,0.06880279627921983,0.9962953408922471,0.36168796331146136
LR-BASE,S3,0.03512481889520236,0.021550015315036024,0.022856951185387477,0.8164804126188845,0.07576143673502295,1.3707549508941184,1.0751410704018642,0.006041477679764048,0.09455632628227367,0.01614456489163396,0.012077961741784176,0.0030737151693505287,0.0005057458545902516,0.7480206563837251,0.742834426401213,0.06370501362898696,0.9921277177917553,0.26838502426510163,0.02065301663451936,0.017251784937514593,0.018034748762094217,0.7668384307825318,-0.11970969345152177,1.0966477727435568,0.8748340051581605,-0.002329456746917229,0.07905119573209547,0.011297077075218225,0.007078376148973788,0.0006400702517027372,-0.000926447801753558,0.6422450588552697,0.714949405327901,0.04689767268628289,0.9886330985046525,0.24062032267211828,0.049596621155885354,0.025848245692557455,0.027679153608680736,0.8661223944552372,0.27123256692156766,1.6448621290446799,1.275448135645568,0.014412412106445324,0.11006145683245187,0.0209920527080497,0.017077547334594562,0.00550736008699832,0.0019379395109340612,0.8537962539121804,0.770719447474525,0.08051235457169104,0.9956223370788582,0.29614972585808497
LR-BASE,S4,0.033470311971942834,0.021586967918060026,0.022856951185387477,0.8149115378102558,0.05395853733933766,1.26225277623804,1.0527562148751834,0.004728505698137854,0.094486352541205,0.01602388291212525,0.012765418803937133,0.004287451186766407,0.0010543163259603635,0.703285556113285,0.737042367502049,0.05887786571546545,0.9906709841310003,0.27302218635358966,0.015672965725085506,0.017286637293372084,0.018034748762094217,0.767619839064337,-0.13420696986200958,1.0021612038851375,0.8645464649958134,-0.004255906178713515,0.07880669478233458,0.011086277001226039,0.008183985713285765,0.00027501732653364974,-0.0014068222625197304,0.6195502050208693,0.7072686943362175,0.04508154453263021,0.9872436680595756,0.24347914704418788,0.051267658218800166,0.025887298542747968,0.027679153608680736,0.8622032365561747,0.24212404454068492,1.5223443485909425,1.2409659647545535,0.013712917574989223,0.1101660103000754,0.02096148882302446,0.0173468518945885,0.008299885046999165,0.0035154549144404577,0.7870209072057007,0.7668160406678804,0.07267418689830069,0.994098300202425,0.30256522566299143
LR-BASE,S5,-0.010363376498393695,0.022565971913964103,0.022856951185387477,0.6912310196098284,-0.5512794762484233,0.9524562115526044,0.5915299394030038,0.015801222887052456,0.1078245030301273,0.013552157357115636,0.00719389532026718,-0.0013923514030729067,-0.0021643926440295023,0.8235339022673377,0.4245270437825861,0.032390441444343145,0.9903702796891465,0.5811428731522781,-0.027595758118469944,0.01819326451072461,0.018034748762094217,0.6377946520402976,-0.762326708903313,0.7241348518395102,0.4705859896976348,0.011082063732449274,0.09187498529580079,0.008760388946030671,0.0030694904343278387,-0.0038016537855067346,-0.0037515217065107347,0.7131795529573342,0.4034142334434792,0.025863266706291285,0.9833301637178586,0.5607389757270186,0.006869005121682554,0.026938679317203597,0.027679153608680736,0.7446673871793591,-0.3402322435935336,1.1807775712656987,0.7124738891083728,0.020520382041655637,0.12377402076445382,0.0183439257682006,0.01131830020620652,0.0010169509793609213,-0.0005772635815482698,0.9338882515773412,0.445639854121693,0.038917616182395004,0.9974103956604343,0.6015467705775376
LR-BASE,S6,0.029797924702476997,0.021668988891808273,0.022856951185387477,0.8234148745168385,0.2586035133847711,1.496393614226071,1.2825359754983516,0.008630912327717422,0.09501099590353686,0.016248873534681546,0.012932967710327928,0.003656389001723087,0.00025186608547728134,0.6289122278880701,0.798420436615049,0.06801615492630275,0.9892450342427125,0.2113470852374204,0.017920253228284014,0.017265530802147756,0.018034748762094217,0.774760428709568,0.06654373743621997,1.1768126170712698,1.0469844148471956,0.0010707152218354943,0.0786927469394223,0.011305032723014767,0.007926427452471666,0.0010846498986848596,-0.00048701893145684463,0.5258314727960275,0.775371352288747,0.04859903447897084,0.9857915767677582,0.18844920304421375,0.04167559617666998,0.02607244698146879,0.027679153608680736,0.872069320324109,0.4506632893333222,1.8159746113808721,1.5180875361495076,0.01619110943359935,0.11132924486765142,0.021192714346348326,0.017939507968184193,0.006228128104761314,0.0009907511024114073,0.7319929829801127,0.8214695209413511,0.08743327537363466,0.9926984917176668,0.23424496743062706
LR-BASE,S7,0.03298382803363664,0.02159783329891583,0.022856951185387477,0.8119313065370266,-0.059860660116702664,1.2185968720648725,0.9447595083237887,0.003877187677349711,0.09479311262669822,0.015945361980837527,0.012026921816028466,0.003781974174174643,0.0009200969225414686,0.7935619523164023,0.7027722241758414,0.05878167707150402,0.993175648757847,0.3085724618678813,0.014753072502032494,0.017303570309707833,0.018034748762094217,0.7685021498717554,-0.24830540064811374,0.9873845041464342,0.7755441686733369,-0.0076274748616953,0.07954649634895677,0.01107057047680133,0.007287926582122464,0.00037030524475769894,-0.001099956123738585,0.7157427742507675,0.6742857929104876,0.045761759933956064,0.9901154148490043,0.2802405269132453,0.05121458356524079,0.025892096288123827,0.027679153608680736,0.8553604632022979,0.12858408041470842,1.449809239983311,1.1139748479742406,0.01538185021639472,0.11003972890443967,0.020820153484873725,0.016765917049934468,0.007193643103591587,0.002940149968821522,0.871381130382037,0.7312586554411952,0.07180159420905198,0.9962358826666897,0.33690439682251727
