model,scenario,skill,brier,prev,auc,citl,slope,oe,ici,logloss,nb_0.01,nb_0.02,nb_0.05,nb_0.1,skill_lo,brier_lo,prev_lo,auc_lo,citl_lo,slope_lo,oe_lo,ici_lo,logloss_lo,nb_0.01_lo,nb_0.02_lo,nb_0.05_lo,nb_0.1_lo,skill_hi,brier_hi,prev_hi,auc_hi,citl_hi,slope_hi,oe_hi,ici_hi,logloss_hi,nb_0.01_hi,nb_0.02_hi,nb_0.05_hi,nb_0.1_hi
LR57-AUG,S0,0.19484470838563184,0.15942999035770852,0.2719900863968068,0.7828489782544505,-0.03915238765311092,1.099856063459132,0.9769767787853946,0.01251235205271461,0.479038087425459,0.2646364509058654,0.25734430379356765,0.23808107862200642,0.2059676345777196,0.1716647282260498,0.14985671834107128,0.2519435900789243,0.7640052965529988,-0.14049340769839627,1.022885585470942,0.9175716357273118,0.002193619673910555,0.4546682792668035,0.2443874647261861,0.23692956634305665,0.21756147244068588,0.1865198101191583,0.21802468854521387,0.16900326237434576,0.29203658271468924,0.8016926599559023,0.062188632392174426,1.1768265414473218,1.0363819218434773,0.022831084431518663,0.5034078955841146,0.2848854370855447,0.2777590412440787,0.25860068480332693,0.2254154590362809
LR57-AUG,S1,0.1485555429392602,0.1685957764832452,0.2719900863968068,0.7488935321299762,-0.04912211524362966,1.0934722063570679,0.9697709910933473,0.014189323384343045,0.5053074671574499,0.2646364509058654,0.2571327412212314,0.23417892268442264,0.20278459596598253,0.1282701877472969,0.15942700523803,0.2519435900789243,0.7284426886031617,-0.14326277704139143,0.9924437972864074,0.9121933596237298,0.00046495079232560833,0.48199334506703234,0.2443874647261861,0.23667713273359622,0.21309997820413218,0.18275737999954755,0.16884089813122352,0.1777645477284604,0.29203658271468924,0.7693443756567907,0.0450185465541321,1.1945006154277282,1.0273486225629649,0.02791369597636048,0.5286215892478674,0.2848854370855447,0.2775883497088666,0.2552578671647131,0.2228118119324175
LR57-AUG,S2,0.19421086274227728,0.15955549907119618,0.2719900863968068,0.7822328483874729,-0.03942352746592725,1.1255737427603656,0.9766472537786085,0.01318524399023951,0.47980142681839577,0.2646364509058654,0.2572524226936511,0.23793350724304313,0.205308769753299,0.1712096701761477,0.14985117045694143,0.2519435900789243,0.7631197891057864,-0.1392853929895733,1.045406782096893,0.9176974751539203,0.0024084938847218577,0.4551728174477331,0.2443874647261861,0.23685980355135183,0.2175022969231419,0.18613897980846744,0.21721205530840687,0.16925982768545092,0.29203658271468924,0.8013459076691594,0.0604383380577188,1.205740703423838,1.0355970324032968,0.02396199409575716,0.5044300361890585,0.2848854370855447,0.2776450418359504,0.2583647175629444,0.22447855969813058
LR57-AUG,S3,0.19451478089742924,0.1594953197877088,0.2719900863968068,0.7827711198717657,0.0002580740470312746,1.1342276746075846,1.0001558480993546,0.015715879029196866,0.47920201485097325,0.2646364509058654,0.25731420851545567,0.23826370395418406,0.20596738916301938,0.1710124443804536,0.1496583272385122,0.2519435900789243,0.7634255195438747,-0.1010372033362738,1.0527410521931655,0.9387127192474706,0.0009672026214401792,0.454272521189316,0.2443874647261861,0.2369002026089197,0.21783860004660677,0.18655776779189726,0.21801711741440488,0.16933231233690543,0.29203658271468924,0.8021167201996567,0.10155335143033636,1.2157142970220036,1.0615989769512388,0.030464555436953554,0.5041315085126306,0.2848854370855447,0.27772821442199164,0.25868880786176135,0.2253770105341415
LR57-AUG,S4,0.18867918161156028,0.16065083543489797,0.2719900863968068,0.7778372490280093,-0.052212444102600536,1.0811476857114954,0.9693700413844243,0.010698225850837028,0.4829277724435278,0.2646364509058654,0.2573553006110476,0.23761294576473718,0.2072354814963413,0.1641944154071138,0.15132349010460772,0.2519435900789243,0.7584210064715056,-0.15489568756863809,1.0021432710867708,0.9094254908786674,0.003209554069519697,0.45923162301031284,0.2443874647261861,0.2369645745475041,0.21695003446868855,0.18692808707295241,0.21316394781600675,0.16997818076518822,0.29203658271468924,0.7972534915845131,0.05047079936343701,1.16015210033622,1.0293145918901812,0.018186897632154357,0.5066239218767428,0.2848854370855447,0.27774602667459114,0.2582758570607858,0.2275428759197302
LR57-AUG,S5,0.14654973110373892,0.16899295025199154,0.2719900863968068,0.7474916592864107,-0.05026710259366173,1.116503649309647,0.9688692106926772,0.015377724040015035,0.5067456347724735,0.2646364509058654,0.2571327412212314,0.23396833466214823,0.20206538521036593,0.12675892057634208,0.15969332625494997,0.2519435900789243,0.7268321218832068,-0.14333276044535243,1.0119630259352177,0.9116110316405897,0.0006972387068404796,0.4832683797070047,0.2443874647261861,0.23667713273359622,0.212904636863995,0.18157729534624514,0.16634054163113576,0.1782925742490331,0.29203658271468924,0.7681511966896146,0.04279855525802897,1.2210442726840762,1.0261273897447647,0.030058209373189593,0.5302228898379423,0.2848854370855447,0.2775883497088666,0.2550320324603014,0.22255347507448672
LR57-AUG,S6,0.18870629349360046,0.1606454669710286,0.2719900863968068,0.7779343454866257,-0.012456329431843452,1.1155114926687444,0.9924939447561433,0.011084714181384564,0.4829466866427503,0.2646364509058654,0.2573398408369557,0.23750367091158478,0.20723201069873307,0.16425334809863087,0.15108347775033848,0.2519435900789243,0.7580161736960619,-0.11521126939902895,1.031881387401866,0.9304379186521636,-0.0034854187842642027,0.45873824666044244,0.2443874647261861,0.23694515880767364,0.21681786491326668,0.18694107277669425,0.21315923888857005,0.17020745619171873,0.29203658271468924,0.7978525172771894,0.09029861053534205,1.1991415979356228,1.054549970860123,0.02565484714703333,0.5071551266250581,0.2848854370855447,0.2777345228662378,0.2581894769099029,0.22752294862077188
LR57-PS,S0,0.19574236384188992,0.15925224427291435,0.2719900863968068,0.7833735254914365,-0.032516886932842895,1.100244307604147,0.980840903011205,0.012464077573754041,0.47852936715307687,0.2646364509058654,0.2573842265523835,0.23824971602834993,0.2063129471752901,0.17230187536579902,0.14956845632343352,0.2519435900789243,0.7643758979029089,-0.1340722070597136,1.02279765383227,0.9211155829331681,0.0012277811362316777,0.45397673320036447,0.2443874647261861,0.23698729525842055,0.2178898549458924,0.1867898350268864,0.21918285231798082,0.16893603222239517,0.29203658271468924,0.802371153079964,0.0690384331940278,1.177690961376024,1.0405662230892418,0.023700374011276407,0.5030820011057893,0.2848854370855447,0.2777811578463465,0.25860957711080745,0.22583605932369383
LR57-PS,S1,0.152990822783857,0.16771754016011303,0.2719900863968068,0.7518469284441057,-0.04074630634352224,1.1089397717233789,0.9748707219595827,0.014285534026436982,0.5023659616135188,0.2646364509058654,0.2571327412212314,0.23410975629381495,0.20423225370826242,0.1326672406526628,0.1586631142446298,0.2519435900789243,0.7314177393760508,-0.13356502510466048,1.0070276398090297,0.9178745568817718,0.001295253593280558,0.47884737230468677,0.2443874647261861,0.23667713273359622,0.2139850843638484,0.1842433472358077,0.1733144049150512,0.17677196607559625,0.29203658271468924,0.7722761175121606,0.052072412417616,1.210851903637728,1.0318668870373935,0.027275814459593407,0.5258845509223508,0.2848854370855447,0.2775883497088666,0.2542344282237815,0.22422116018071714
LR57-PS,S2,0.19380749836851607,0.159635369847541,0.2719900863968068,0.782066736277981,-0.03865444222662814,1.127700597174284,0.9770766342069543,0.014043682537279712,0.48000282584664977,0.2646364509058654,0.25724054613543573,0.2378681595498515,0.20592524296134637,0.1708908239758967,0.14996428679132864,0.2519435900789243,0.7629489649430301,-0.13814953126454074,1.0476501667215685,0.9182630387598267,0.0037356381531683525,0.4555425601183088,0.2443874647261861,0.23683435363802,0.21747213703084442,0.187027333169315,0.21672417276113545,0.16930645290375337,0.29203658271468924,0.8011845076129318,0.06084064681128446,1.2077510276269994,1.035890229654082,0.02435172692139107,0.5044630915749908,0.2848854370855447,0.27764673863285144,0.25826418206885854,0.22482315275337775
LR57-PS,S3,0.19452505110231844,0.15949328616924602,0.2719900863968068,0.7825060182047683,-0.0401082472502071,1.1279981305502607,0.9762456305357774,0.013078966153728652,0.47947138308745035,0.2646364509058654,0.25728456508338443,0.23784726098020623,0.20633041823460324,0.17104462585695876,0.14986561409737909,0.2519435900789243,0.7632936455672701,-0.1413909007413655,1.0479115621553297,0.9164449757166033,0.0021093213652560294,0.4551692148165764,0.2443874647261861,0.2368635161366066,0.21743758388736176,0.18744730519391598,0.2180054763476781,0.16912095824111295,0.29203658271468924,0.8017183908422665,0.06117440624095132,1.2080846989451917,1.0360462853549515,0.024048610942201273,0.5037735513583242,0.2848854370855447,0.27770561403016225,0.2582569380730507,0.2252135312752905
LR57-PS,S4,0.1902617155168398,0.16033747555527328,0.2719900863968068,0.7793000356204182,-0.05635521414173187,1.098356233365164,0.966913009707824,0.011057444514634097,0.4823046780335604,0.2646364509058654,0.25734120337144567,0.23739205558632395,0.20643586058886335,0.16634745932638872,0.15088906809043914,0.2519435900789243,0.7598839966294186,-0.1616332228637285,1.0195880087728149,0.905451409271985,0.0027700146796281622,0.4584088649377637,0.2443874647261861,0.2369465646420702,0.2167004827441644,0.1859550044043406,0.21417597170729086,0.16978588302010741,0.29203658271468924,0.7987160746114177,0.048922794580264765,1.177124457957513,1.028374610143663,0.01934487434964003,0.506200491129357,0.2848854370855447,0.27773584210082114,0.2580836284284835,0.2269167167733861
LR57-PS,S5,0.15027357904383998,0.16825558561268883,0.2719900863968068,0.7497694604196945,-0.04242301513322505,1.1059037183720908,0.9737574922060409,0.01087894553041786,0.5047386372774072,0.2646364509058654,0.2571327412212314,0.2335755510456335,0.20368960060028646,0.13039508263881602,0.15903049129347246,0.2519435900789243,0.7296586350107457,-0.1339988434710018,1.000923155115744,0.9173886024332596,-0.002780566408752681,0.4809197929152115,0.2443874647261861,0.23667713273359622,0.21347234270878554,0.1835053302237551,0.17015207544886393,0.1774806799319052,0.29203658271468924,0.7698802858286433,0.0491528132045517,1.2108842816284375,1.0301263819788222,0.024538457469588403,0.5285574816396029,0.2848854370855447,0.2775883497088666,0.2536787593824814,0.22387387097681782
LR57-PS,S6,0.19008103326415016,0.16037325271541136,0.2719900863968068,0.7791682748966829,-0.058103978525513494,1.1004482002875677,0.9658846262042704,0.010891244112829162,0.4823991820361144,0.2646364509058654,0.25734120337144567,0.23739205558632395,0.20687411420891727,0.1656994688459012,0.150878122447527,0.2519435900789243,0.7594617856829043,-0.16389094878673513,1.020219906766898,0.9041309160339467,0.003042845513582488,0.4584002448096869,0.2443874647261861,0.2369465646420702,0.2167004827441644,0.1863186928969331,0.21446259768239911,0.16986838298329573,0.29203658271468924,0.7988747641104615,0.04768299173570814,1.1806764938082375,1.027638336374594,0.018739642712075837,0.506398119262542,0.2848854370855447,0.27773584210082114,0.2580836284284835,0.22742953552090145
LR57-BASE,S0,0.19574236391126698,0.1592522442591769,0.2719900863968068,0.7833735254914365,-0.032516885815371564,1.1002443052011006,0.9808409036737453,0.012464077564663575,0.47852936710592003,0.2646364509058654,0.2573842265523835,0.23824971602834993,0.2063129471752901,0.1723018753706631,0.14956845629922205,0.2519435900789243,0.7643758979029089,-0.13407220599380354,1.022797651553251,0.9211155835659076,0.0012277810164892412,0.45397673312275166,0.2443874647261861,0.23698729525842055,0.2178898549458924,0.1867898350268864,0.21918285245187086,0.16893603221913173,0.29203658271468924,0.802371153079964,0.06903843436306042,1.1776909588489501,1.0405662237815831,0.02370037411283791,0.5030820010890884,0.2848854370855447,0.2777811578463465,0.25860957711080745,0.22583605932369383
LR57-BASE,S1,0.11639011749110639,0.17496489995850503,0.2719900863968068,0.746644967641663,0.41457503334893503,1.0773346407426676,1.3174865543306864,0.06698039655764595,0.5205928418930696,0.2646364509058654,0.2571327412212314,0.2360344597920414,0.20038527510882245,0.09392712269316422,0.16354829337424437,0.2519435900789243,0.7258953228671917,0.31992950016668575,0.9762804573214473,1.2369757052077897,0.04980005066719653,0.4912282995513442,0.2443874647261861,0.23667713273359622,0.2150696666926472,0.18029312043013582,0.13885311228904856,0.1863815065427657,0.29203658271468924,0.7673946124161343,0.5092205665311843,1.1783888241638878,1.3979974034535831,0.08416074244809538,0.5499573842347951,0.2848854370855447,0.2775883497088666,0.2569992528914356,0.2204774297875091
LR57-BASE,S2,0.1946868169672269,0.15946125467103545,0.2719900863968068,0.7826732048541626,-0.0033213130589858034,1.123190842279615,0.9980035984748651,0.015306529661773441,0.4792901427294634,0.2646364509058654,0.2572886898703923,0.23796573454364645,0.20587386345304665,0.17131942438101208,0.14953271577285412,0.2519435900789243,0.7632447705962316,-0.10347940019918504,1.042511016746437,0.9375960992780804,0.0017165533166849153,0.4541133382843759,0.2443874647261861,0.23688443867915818,0.21764349063888047,0.18655088386835447,0.2180542095534417,0.16938979356921677,0.29203658271468924,0.8021016391120935,0.09683677408121343,1.203870667812793,1.0584110976716499,0.028896506006861965,0.5044669471745509,0.2848854370855447,0.2776929410616264,0.25828797844841245,0.22519684303773882
LR57-BASE,S3,0.1952274340971054,0.159354206273414,0.2719900863968068,0.7830522666726247,0.00483565341521822,1.1218550032590866,1.0029143520300157,0.015423312972040757,0.4787270024825734,0.2646364509058654,0.2573842265523835,0.23824971602834993,0.20658195144009855,0.1715139344243044,0.1494432364960214,0.2519435900789243,0.7636055181094131,-0.09672574841235507,1.0413511579545147,0.9413736020951902,0.000611821386467681,0.45365331115317115,0.2443874647261861,0.23698729525842055,0.2178898549458924,0.18715694180536144,0.21894093376990642,0.16926517605080663,0.29203658271468924,0.8024990152358363,0.1063970552427915,1.2023588485636585,1.0644551019648412,0.030234804557613834,0.5038006938119757,0.2848854370855447,0.2777811578463465,0.25860957711080745,0.22600696107483567
LR57-BASE,S4,0.18396026795372866,0.16158523450896786,0.2719900863968068,0.7780636451318946,0.16486301584539786,1.0772812875119413,1.1064639733144497,0.03210502232526786,0.4846527992744847,0.2646391338273742,0.25759106071586646,0.2382655757129441,0.20631567675186555,0.16028538712428728,0.15137265601137465,0.2519435900789243,0.7585611238499005,0.061416160300525935,0.9992828367648018,1.0373114595536592,0.016139582621847108,0.45842923666490565,0.24439162101216166,0.23719652232476957,0.21763228655969769,0.18666779856170776,0.20763514878317005,0.17179781300656108,0.29203658271468924,0.7975661664138888,0.2683098713902698,1.1552797382590807,1.1756164870752401,0.04807046202868861,0.5108763618840637,0.2848866466425867,0.27798559910696335,0.2588988648661905,0.22596355494202333
LR57-BASE,S5,0.11015555584010528,0.1761994147337985,0.2719900863968068,0.7455575245299308,0.4421559910337443,1.1033321483887928,1.3460556121424896,0.0714428655494286,0.5237978524913044,0.2646364509058654,0.2571327412212314,0.23502120632217913,0.20028428078923716,0.08735207501952862,0.16453060805810235,0.2519435900789243,0.7247663035867714,0.34866660837443325,0.9991828110149202,1.2641677742042714,0.05409190962137703,0.4937868130894656,0.2443874647261861,0.23667713273359622,0.21492260227525845,0.18002330693073137,0.13295903666068193,0.18786822140949463,0.29203658271468924,0.7663487454730903,0.5356453736930553,1.2074814857626655,1.4279434500807078,0.08879382147748016,0.5538088918931432,0.2848854370855447,0.2775883497088666,0.2551198103690998,0.22054525464774294
LR57-BASE,S6,0.1810476007867574,0.1621619760434045,0.2719900863968068,0.7780497444916729,0.20226498830532091,1.0992155996014037,1.133790043274779,0.03793843227978694,0.48598604670409856,0.2646391338273742,0.25760973299212986,0.23830057364948665,0.20470625837931541,0.156850194294651,0.15169066635158915,0.2519435900789243,0.7581926809827144,0.09873189270076925,1.0181593584559918,1.062299307750218,0.022042329282620437,0.4591399668336744,0.24439162101216166,0.23721581771850184,0.21764116388893645,0.1845597733240061,0.20524500727886383,0.17263328573521983,0.29203658271468924,0.7979068080006313,0.30579808390987256,1.1802718407468156,1.2052807787993398,0.053834535276953435,0.5128321265745227,0.2848866466425867,0.27800364826575785,0.25895998341003684,0.22485274343462472
